{
  "ohos-module-default": {
    "SELECT_TARGET": "default",
    "MODULE_BUILD_DIR": "/Users/lianglihao/Documents/GitHub/harmony-template/dist/entry/build",
    "DEPENDENCY_INFO": {},
    "TARGETS": {
      "default": {
        "SOURCE_ROOT": "/Users/lianglihao/Documents/GitHub/harmony-template/dist/entry/src/main",
        "RESOURCES_PATH": [
          "/Users/lianglihao/Documents/GitHub/harmony-template/dist/entry/src/main/resources"
        ],
        "BUILD_PATH": {
          "OUTPUT_PATH": "/Users/lianglihao/Documents/GitHub/harmony-template/dist/entry/build/default/outputs/default",
          "INTERMEDIA_PATH": "/Users/lianglihao/Documents/GitHub/harmony-template/dist/entry/build/default/intermediates",
          "JS_ASSETS_PATH": "/Users/lianglihao/Documents/GitHub/harmony-template/dist/entry/build/default/intermediates/loader_out/default",
          "JS_LITE_ASSETS_PATH": "/Users/lianglihao/Documents/GitHub/harmony-template/dist/entry/build/default/intermediates/loader_out_lite/default",
          "RES_PATH": "/Users/lianglihao/Documents/GitHub/harmony-template/dist/entry/build/default/intermediates/res/default",
          "RES_PROFILE_PATH": "/Users/lianglihao/Documents/GitHub/harmony-template/dist/entry/build/default/intermediates/res/default/resources/base/profile",
          "ETS_SUPER_VISUAL_PATH": "/Users/lianglihao/Documents/GitHub/harmony-template/dist/entry/build/default/cache/default/default@CompileArkTS/esmodule",
          "JS_SUPER_VISUAL_PATH": "/Users/lianglihao/Documents/GitHub/harmony-template/dist/entry/build/default/cache/default/default@CompileJS/jsbundle",
          "WORKER_LOADER": "/Users/lianglihao/Documents/GitHub/harmony-template/dist/entry/build/default/intermediates/loader/default/loader.json",
          "MANIFEST_JSON": "/Users/lianglihao/Documents/GitHub/harmony-template/dist/entry/build/default/intermediates/manifest/default",
          "OUTPUT_METADATA_JSON": "/Users/lianglihao/Documents/GitHub/harmony-template/dist/entry/build/default/intermediates/hap_metadata/default/output_metadata.json",
          "SOURCE_MAP_DIR": "/Users/lianglihao/Documents/GitHub/harmony-template/dist/entry/build/default/intermediates/source_map/default"
        },
        "BUILD_OPTION": {
          "debuggable": true
        }
      },
      "ohosTest": {
        "SOURCE_ROOT": "/Users/lianglihao/Documents/GitHub/harmony-template/dist/entry/src/ohosTest",
        "RESOURCES_PATH": [
          "/Users/lianglihao/Documents/GitHub/harmony-template/dist/entry/src/ohosTest/resources"
        ],
        "BUILD_PATH": {
          "OUTPUT_PATH": "/Users/lianglihao/Documents/GitHub/harmony-template/dist/entry/build/default/outputs/ohosTest",
          "INTERMEDIA_PATH": "/Users/lianglihao/Documents/GitHub/harmony-template/dist/entry/build/default/intermediates",
          "JS_ASSETS_PATH": "/Users/lianglihao/Documents/GitHub/harmony-template/dist/entry/build/default/intermediates/loader_out/ohosTest",
          "JS_LITE_ASSETS_PATH": "/Users/lianglihao/Documents/GitHub/harmony-template/dist/entry/build/default/intermediates/loader_out_lite/ohosTest",
          "RES_PATH": "/Users/lianglihao/Documents/GitHub/harmony-template/dist/entry/build/default/intermediates/res/ohosTest",
          "RES_PROFILE_PATH": "/Users/lianglihao/Documents/GitHub/harmony-template/dist/entry/build/default/intermediates/res/ohosTest/resources/base/profile",
          "ETS_SUPER_VISUAL_PATH": "/Users/lianglihao/Documents/GitHub/harmony-template/dist/entry/build/default/cache/ohosTest/ohosTest@OhosTestCompileArkTS/esmodule",
          "JS_SUPER_VISUAL_PATH": "/Users/lianglihao/Documents/GitHub/harmony-template/dist/entry/build/default/cache/ohosTest/ohosTest@OhosTestCompileJS/jsbundle",
          "WORKER_LOADER": "/Users/lianglihao/Documents/GitHub/harmony-template/dist/entry/build/default/intermediates/loader/ohosTest/loader.json",
          "MANIFEST_JSON": "/Users/lianglihao/Documents/GitHub/harmony-template/dist/entry/build/default/intermediates/manifest/ohosTest",
          "OUTPUT_METADATA_JSON": "/Users/lianglihao/Documents/GitHub/harmony-template/dist/entry/build/default/intermediates/hap_metadata/ohosTest/output_metadata.json",
          "SOURCE_MAP_DIR": "/Users/lianglihao/Documents/GitHub/harmony-template/dist/entry/build/default/intermediates/source_map/ohosTest"
        },
        "BUILD_OPTION": {
          "debuggable": true
        }
      }
    },
    "BUILD_OPTION": {
      "default-default": {
        "debuggable": true,
        "copyFrom": "default",
        "strictMode": {
          "caseSensitiveCheck": true,
          "useNormalizedOHMUrl": true
        },
        "name": "debug"
      }
    },
    "BUILD_PROFILE_OPT": {
      "apiType": "stageMode",
      "buildOption": {},
      "buildOptionSet": [
        {
          "name": "release",
          "arkOptions": {
            "obfuscation": {
              "ruleOptions": {
                "enable": false,
                "files": [
                  "./obfuscation-rules.txt"
                ]
              }
            }
          }
        },
        {
          "name": "default"
        },
        {
          "name": "debug"
        }
      ],
      "targets": [
        {
          "name": "default"
        },
        {
          "name": "ohosTest"
        }
      ]
    },
    "BUILD_CACHE_DIR": ""
  },
  "ohos-project": {
    "SELECT_PRODUCT_NAME": "default",
    "MODULE_BUILD_DIR": "/Users/lianglihao/Documents/GitHub/harmony-template/dist/build",
    "BUNDLE_NAME": "com.example.myapplication",
    "BUILD_PATH": {
      "OUTPUT_PATH": "/Users/lianglihao/Documents/GitHub/harmony-template/dist/build/outputs/default"
    },
    "MODULES": [
      {
        "name": "default",
        "srcPath": "/Users/lianglihao/Documents/GitHub/harmony-template/dist/entry",
        "targets": [
          {
            "name": "default",
            "applyToProducts": [
              "default"
            ]
          }
        ],
        "belongProjectPath": "/Users/lianglihao/Documents/GitHub/harmony-template/dist"
      }
    ],
    "PROFILE_OPT": {
      "app": {
        "signingConfigs": [],
        "products": [
          {
            "name": "default",
            "signingConfig": "default",
            "compatibleSdkVersion": "5.0.4(16)",
            "runtimeOS": "HarmonyOS",
            "buildOption": {
              "strictMode": {
                "caseSensitiveCheck": true,
                "useNormalizedOHMUrl": true
              }
            }
          }
        ],
        "buildModeSet": [
          {
            "name": "debug"
          },
          {
            "name": "release"
          }
        ]
      },
      "modules": [
        {
          "name": "default",
          "srcPath": "./entry",
          "targets": [
            {
              "name": "default",
              "applyToProducts": [
                "default"
              ]
            }
          ]
        }
      ]
    },
    "CONFIG_PROPERTIES": {
      "enableSignTask": true,
      "skipNativeIncremental": false,
      "hvigor.keepDependency": true
    },
    "OVERALL_PROJECT_PATHS": [
      "/Users/lianglihao/Documents/GitHub/harmony-template/dist"
    ],
    "BUILD_CACHE_DIR": ""
  },
  "version": 1
}