{":dist:default:default@PreBuild":{"_inputs":[{"dataType":"ValueEntry","value":"{\"_name\":\"compileApiVersion\",\"_value\":16,\"_valueType\":\"number\"}"},{"dataType":"ValueEntry","value":"{\"_name\":\"compatibleApiVersion\",\"_value\":16,\"_valueType\":\"number\"}"},{"dataType":"ValueEntry","value":"{\"_name\":\"targetStatusCode\",\"_value\":2,\"_valueType\":\"number\"}"},{"dataType":"ValueEntry","value":"{\"_name\":\"apiType\",\"_value\":\"stageMode\",\"_valueType\":\"string\"}"},{"dataType":"ValueEntry","value":"{\"_name\":\"deviceType\",\"_value\":[\"phone\"],\"_valueType\":\"object\"}"},{"dataType":"ValueEntry","value":"{\"_name\":\"codeType\",\"_value\":true,\"_valueType\":\"boolean\"}"},{"dataType":"ValueEntry","value":"{\"_name\":\"sdkToolchainsComponentVersion\",\"_value\":\"5.0.4.150\",\"_valueType\":\"string\"}"},{"dataType":"ValueEntry","value":"{\"_name\":\"profileModuleName\",\"_value\":\"default\",\"_valueType\":\"string\"}"},{"dataType":"ValueEntry","value":"{\"_name\":\"moduleJsonOpt\",\"_value\":\"{\\\"jsonFilePath\\\":\\\"/Users/lianglihao/Documents/GitHub/harmony-template/dist/entry/src/main/module.json5\\\",\\\"profile\\\":{\\\"module\\\":{\\\"name\\\":\\\"default\\\",\\\"type\\\":\\\"entry\\\",\\\"description\\\":\\\"$string:module_desc\\\",\\\"mainElement\\\":\\\"app\\\",\\\"deviceTypes\\\":[\\\"phone\\\"],\\\"deliveryWithInstall\\\":true,\\\"installationFree\\\":false,\\\"pages\\\":\\\"$profile:main_pages\\\",\\\"abilities\\\":[{\\\"name\\\":\\\"app\\\",\\\"srcEntry\\\":\\\"./ets/app.ets\\\",\\\"description\\\":\\\"$string:EntryAbility_desc\\\",\\\"icon\\\":\\\"$media:layered_image\\\",\\\"label\\\":\\\"$string:EntryAbility_label\\\",\\\"startWindowIcon\\\":\\\"$media:startIcon\\\",\\\"startWindowBackground\\\":\\\"$color:start_window_background\\\",\\\"exported\\\":true,\\\"skills\\\":[{\\\"entities\\\":[\\\"entity.system.home\\\"],\\\"actions\\\":[\\\"action.system.home\\\"]}]}],\\\"extensionAbilities\\\":[],\\\"requestPermissions\\\":[{\\\"name\\\":\\\"ohos.permission.VIBRATE\\\"},{\\\"name\\\":\\\"ohos.permission.GET_WIFI_INFO\\\"},{\\\"name\\\":\\\"ohos.permission.GET_NETWORK_INFO\\\"},{\\\"name\\\":\\\"ohos.permission.SET_NETWORK_INFO\\\"},{\\\"name\\\":\\\"ohos.permission.INTERNET\\\"},{\\\"name\\\":\\\"ohos.permission.GET_BUNDLE_INFO\\\"}]}},\\\"deviceTypes\\\":[\\\"phone\\\"],\\\"deviceConfig\\\":\\\"deviceTypes\\\",\\\"configurationProfile\\\":\\\"module.json5\\\"}\",\"_valueType\":\"string\"}"},{"dataType":"ValueEntry","value":"{\"_name\":\"isSupportOhpmProj\",\"_value\":true,\"_valueType\":\"boolean\"}"},{"dataType":"ValueEntry","value":"{\"_name\":\"removePermissions\",\"_valueType\":\"undefined\"}"},{"dataType":"ValueEntry","value":"{\"_name\":\"customTypes\",\"_value\":\"\",\"_valueType\":\"string\"}"},{"dataType":"ValueEntry","value":"{\"_name\":\"useNormalizedOHMUrl\",\"_value\":true,\"_valueType\":\"boolean\"}"},{"dataType":"ValueEntry","value":"{\"_name\":\"integrated_hsp\",\"_value\":false,\"_valueType\":\"boolean\"}"},{"dataType":"ValueEntry","value":"{\"_name\":\"sourceRoots\",\"_value\":true,\"_valueType\":\"boolean\"}"},{"dataType":"ValueEntry","value":"{\"_name\":\"transformLib\",\"_value\":\"\",\"_valueType\":\"string\"}"},{"dataType":"ValueEntry","value":"{\"_name\":\"byteCodeHar\",\"_value\":false,\"_valueType\":\"boolean\"}"},{"dataType":"ValueEntry","value":"{\"_name\":\"configuration\",\"_value\":\"\",\"_valueType\":\"string\"}"},{"dataType":"ValueEntry","value":"{\"_name\":\"configurationFileJson\",\"_value\":\"\",\"_valueType\":\"string\"}"},{"dataType":"ValueEntry","value":"{\"_name\":\"mockConfigSources\",\"_value\":\"\",\"_valueType\":\"string\"}"},{"dataType":"ValueEntry","value":"{\"_name\":\"BUILTIN_TASK_COMMAND\",\"_value\":\"\",\"_valueType\":\"string\"}"},{"dataType":"ValueEntry","value":"{\"_name\":\"BUILTIN_TASK_TOOLCHAIN\",\"_value\":\"\",\"_valueType\":\"string\"}"},{"dataType":"ValueEntry","value":"{\"_name\":\"BUILTIN_TASK_ENV\",\"_value\":\"\",\"_valueType\":\"string\"}"}],"_successful":true,"_projectName":"dist","_moduleName":"default","_taskName":"default@PreBuild","_key":":dist:default:default@PreBuild","_executionId":":dist:default:default@PreBuild:1745985054690","_inputFiles":{"dataType":"Map","value":[["/Users/lianglihao/Documents/GitHub/harmony-template/dist/AppScope/app.json5",{"isDirectory":false,"fileSnapShotHashValue":"6ae59b4242acfd56b4425b63ce527336"}],["/Users/lianglihao/Documents/GitHub/harmony-template/dist/entry/src/main/module.json5",{"isDirectory":false,"fileSnapShotHashValue":"1863a375e40293594a6552a05cf07232"}],["/Users/lianglihao/Documents/GitHub/harmony-template/dist/build-profile.json5",{"fileSnapShotHashValue":"3550cae067a37283e86854b5aab80120"}],["/Users/lianglihao/Documents/GitHub/harmony-template/dist/entry/build-profile.json5",{"fileSnapShotHashValue":"c7022808520f1bda033f09d57e8b54f9"}],["/Users/lianglihao/Documents/GitHub/harmony-template/dist/entry/src/main/resources/base/profile/main_pages.json",{"fileSnapShotHashValue":"832b5f1da05247988fcbfb6916c6285f"}],["/Users/lianglihao/Documents/GitHub/harmony-template/dist/hvigor/hvigor-config.json5",{"isDirectory":true,"fileSnapShotHashValue":"538d8174da7c118ee1805e3af714f2ca"}],["/Users/lianglihao/Documents/GitHub/harmony-template/dist/entry/src/mock/mock-config.json5",{"isDirectory":false,"fileSnapShotHashValue":"2402c9e23f32e45b77f01df1873886e6"}],["/Users/lianglihao/Documents/GitHub/harmony-template/dist/entry/oh-package.json5",{"fileSnapShotHashValue":"650e62241551d64350076aba67520deb"}],["/Users/lianglihao/Documents/GitHub/harmony-template/dist/oh-package.json5",{"fileSnapShotHashValue":"b097b7c22469b8d26a22689e79f27b1b"}]]},"_outputFiles":{"dataType":"Map","value":[]}},":dist:default:default@GenerateMetadata":{"_inputs":[{"dataType":"ValueEntry","value":"{\"_name\":\"remoteHspMetaData\",\"_value\":\"\",\"_valueType\":\"string\"}"},{"dataType":"ValueEntry","value":"{\"_name\":\"artifactName\",\"_value\":\"\",\"_valueType\":\"string\"}"},{"dataType":"ValueEntry","value":"{\"_name\":\"relatedEntryModules\",\"_value\":\"\",\"_valueType\":\"string\"}"},{"dataType":"ValueEntry","value":"{\"_name\":\"targetDeviceType\",\"_value\":[\"phone\"],\"_valueType\":\"object\"}"},{"dataType":"ValueEntry","value":"{\"_name\":\"isSigned\",\"_value\":false,\"_valueType\":\"boolean\"}"},{"dataType":"ValueEntry","value":"{\"_name\":\"BUILTIN_TASK_COMMAND\",\"_value\":\"\",\"_valueType\":\"string\"}"},{"dataType":"ValueEntry","value":"{\"_name\":\"BUILTIN_TASK_TOOLCHAIN\",\"_value\":\"\",\"_valueType\":\"string\"}"},{"dataType":"ValueEntry","value":"{\"_name\":\"BUILTIN_TASK_ENV\",\"_value\":\"\",\"_valueType\":\"string\"}"}],"_successful":true,"_projectName":"dist","_moduleName":"default","_taskName":"default@GenerateMetadata","_key":":dist:default:default@GenerateMetadata","_executionId":":dist:default:default@GenerateMetadata:1745985054764","_inputFiles":{"dataType":"Map","value":[["/Users/lianglihao/Documents/GitHub/harmony-template/dist/entry/src/main/module.json5",{"fileSnapShotHashValue":"1863a375e40293594a6552a05cf07232"}]]},"_outputFiles":{"dataType":"Map","value":[["/Users/lianglihao/Documents/GitHub/harmony-template/dist/entry/build/default/intermediates/hap_metadata/default/output_metadata.json",{"fileSnapShotHashValue":"774dea51bce15e831d0d44e59dc766b2"}]]}},":dist:default:default@MergeProfile":{"_inputs":[{"dataType":"ValueEntry","value":"{\"_name\":\"targetSdkVersion\",\"_value\":16,\"_valueType\":\"number\"}"},{"dataType":"ValueEntry","value":"{\"_name\":\"compatibleSdkVersion\",\"_value\":16,\"_valueType\":\"number\"}"},{"dataType":"ValueEntry","value":"{\"_name\":\"releaseType\",\"_value\":\"Release\",\"_valueType\":\"string\"}"},{"dataType":"ValueEntry","value":"{\"_name\":\"buildRoot\",\"_value\":\"build\",\"_valueType\":\"string\"}"},{"dataType":"ValueEntry","value":"{\"_name\":\"isDebug\",\"_value\":true,\"_valueType\":\"boolean\"}"},{"dataType":"ValueEntry","value":"{\"_name\":\"asanEnable\",\"_value\":false,\"_valueType\":\"boolean\"}"},{"dataType":"ValueEntry","value":"{\"_name\":\"tsanEnable\",\"_value\":false,\"_valueType\":\"boolean\"}"},{"dataType":"ValueEntry","value":"{\"_name\":\"hwasanEnable\",\"_value\":false,\"_valueType\":\"boolean\"}"},{"dataType":"ValueEntry","value":"{\"_name\":\"ubsanEnable\",\"_value\":false,\"_valueType\":\"boolean\"}"},{"dataType":"ValueEntry","value":"{\"_name\":\"moduleJsonOpt\",\"_value\":\"{\\\"module\\\":{\\\"name\\\":\\\"default\\\",\\\"type\\\":\\\"entry\\\",\\\"description\\\":\\\"$string:module_desc\\\",\\\"mainElement\\\":\\\"app\\\",\\\"deviceTypes\\\":[\\\"phone\\\"],\\\"deliveryWithInstall\\\":true,\\\"installationFree\\\":false,\\\"pages\\\":\\\"$profile:main_pages\\\",\\\"abilities\\\":[{\\\"name\\\":\\\"app\\\",\\\"srcEntry\\\":\\\"./ets/app.ets\\\",\\\"description\\\":\\\"$string:EntryAbility_desc\\\",\\\"icon\\\":\\\"$media:layered_image\\\",\\\"label\\\":\\\"$string:EntryAbility_label\\\",\\\"startWindowIcon\\\":\\\"$media:startIcon\\\",\\\"startWindowBackground\\\":\\\"$color:start_window_background\\\",\\\"exported\\\":true,\\\"skills\\\":[{\\\"entities\\\":[\\\"entity.system.home\\\"],\\\"actions\\\":[\\\"action.system.home\\\"]}]}],\\\"extensionAbilities\\\":[],\\\"requestPermissions\\\":[{\\\"name\\\":\\\"ohos.permission.VIBRATE\\\"},{\\\"name\\\":\\\"ohos.permission.GET_WIFI_INFO\\\"},{\\\"name\\\":\\\"ohos.permission.GET_NETWORK_INFO\\\"},{\\\"name\\\":\\\"ohos.permission.SET_NETWORK_INFO\\\"},{\\\"name\\\":\\\"ohos.permission.INTERNET\\\"},{\\\"name\\\":\\\"ohos.permission.GET_BUNDLE_INFO\\\"}]}}\",\"_valueType\":\"string\"}"},{"dataType":"ValueEntry","value":"{\"_name\":\"isHarModule\",\"_value\":false,\"_valueType\":\"boolean\"}"},{"dataType":"ValueEntry","value":"{\"_name\":\"multiProjects\",\"_value\":false,\"_valueType\":\"boolean\"}"},{"dataType":"ValueEntry","value":"{\"_name\":\"buildProfileAbilities\",\"_valueType\":\"undefined\"}"},{"dataType":"ValueEntry","value":"{\"_name\":\"projectConfigAppOpt\",\"_valueType\":\"undefined\"}"},{"dataType":"ValueEntry","value":"{\"_name\":\"appJsonOpt\",\"_value\":\"{\\\"app\\\":{\\\"bundleName\\\":\\\"com.example.myapplication\\\",\\\"vendor\\\":\\\"example\\\",\\\"versionCode\\\":1000000,\\\"versionName\\\":\\\"1.0.0\\\",\\\"icon\\\":\\\"$media:layered_image\\\",\\\"label\\\":\\\"$string:app_name\\\",\\\"debug\\\":true}}\",\"_valueType\":\"string\"}"},{"dataType":"ValueEntry","value":"{\"_name\":\"integratedHsp\",\"_value\":false,\"_valueType\":\"boolean\"}"},{"dataType":"ValueEntry","value":"{\"_name\":\"removePermissions\",\"_valueType\":\"undefined\"}"},{"dataType":"ValueEntry","value":"{\"_name\":\"isBundledDependencies\",\"_value\":false,\"_valueType\":\"boolean\"}"},{"dataType":"ValueEntry","value":"{\"_name\":\"BUILTIN_TASK_COMMAND\",\"_value\":\"\",\"_valueType\":\"string\"}"},{"dataType":"ValueEntry","value":"{\"_name\":\"BUILTIN_TASK_TOOLCHAIN\",\"_value\":\"\",\"_valueType\":\"string\"}"},{"dataType":"ValueEntry","value":"{\"_name\":\"BUILTIN_TASK_ENV\",\"_value\":\"\",\"_valueType\":\"string\"}"}],"_successful":true,"_projectName":"dist","_moduleName":"default","_taskName":"default@MergeProfile","_key":":dist:default:default@MergeProfile","_executionId":":dist:default:default@MergeProfile:1745985054768","_inputFiles":{"dataType":"Map","value":[["/Users/lianglihao/Documents/GitHub/harmony-template/dist/AppScope/app.json5",{"fileSnapShotHashValue":"6ae59b4242acfd56b4425b63ce527336"}],["/Users/lianglihao/Documents/GitHub/harmony-template/dist/build-profile.json5",{"fileSnapShotHashValue":"3550cae067a37283e86854b5aab80120"}],["/Users/lianglihao/Documents/GitHub/harmony-template/dist/entry/src/main/module.json5",{"fileSnapShotHashValue":"1863a375e40293594a6552a05cf07232"}]]},"_outputFiles":{"dataType":"Map","value":[["/Users/lianglihao/Documents/GitHub/harmony-template/dist/entry/build/default/intermediates/merge_profile/default/module.json",{"fileSnapShotHashValue":"673b7da9caa37bed3ad089ab6f25fbeb"}]]}},":dist:default:default@CreateBuildProfile":{"_inputs":[{"dataType":"ValueEntry","value":"{\"_name\":\"buildMode\",\"_value\":\"Debug\",\"_valueType\":\"string\"}"},{"dataType":"ValueEntry","value":"{\"_name\":\"buildModeName\",\"_value\":\"debug\",\"_valueType\":\"string\"}"},{"dataType":"ValueEntry","value":"{\"_name\":\"buildProfileFields\",\"_value\":\"\",\"_valueType\":\"string\"}"},{"dataType":"ValueEntry","value":"{\"_name\":\"projectOhosConfigAppOpt\",\"_value\":\"\",\"_valueType\":\"string\"}"},{"dataType":"ValueEntry","value":"{\"_name\":\"BUILTIN_TASK_COMMAND\",\"_value\":\"\",\"_valueType\":\"string\"}"},{"dataType":"ValueEntry","value":"{\"_name\":\"BUILTIN_TASK_TOOLCHAIN\",\"_value\":\"\",\"_valueType\":\"string\"}"},{"dataType":"ValueEntry","value":"{\"_name\":\"BUILTIN_TASK_ENV\",\"_value\":\"\",\"_valueType\":\"string\"}"}],"_successful":true,"_projectName":"dist","_moduleName":"default","_taskName":"default@CreateBuildProfile","_key":":dist:default:default@CreateBuildProfile","_executionId":":dist:default:default@CreateBuildProfile:1745985054773","_inputFiles":{"dataType":"Map","value":[["/Users/lianglihao/Documents/GitHub/harmony-template/dist/AppScope/app.json5",{"fileSnapShotHashValue":"6ae59b4242acfd56b4425b63ce527336"}],["/Users/lianglihao/Documents/GitHub/harmony-template/dist/build-profile.json5",{"fileSnapShotHashValue":"3550cae067a37283e86854b5aab80120"}]]},"_outputFiles":{"dataType":"Map","value":[["/Users/lianglihao/Documents/GitHub/harmony-template/dist/entry/build/default/generated/profile/default/BuildProfile.ets",{"fileSnapShotHashValue":"089ef9765780586d724a9b24c7680264"}]]}},":dist:default:default@GeneratePkgContextInfo":{"_inputs":[{"dataType":"ValueEntry","value":"{\"_name\":\"BUILTIN_TASK_COMMAND\",\"_value\":\"\",\"_valueType\":\"string\",\"_hash\":\"0b5d05294fdf4e78e8482ef53eb64ac0\"}"},{"dataType":"ValueEntry","value":"{\"_name\":\"BUILTIN_TASK_ENV\",\"_value\":\"\",\"_valueType\":\"string\",\"_hash\":\"cdcdc2ec8062ca9ec1de46dbf2bbc053\"}"},{"dataType":"ValueEntry","value":"{\"_name\":\"BUILTIN_TASK_TOOLCHAIN\",\"_value\":\"\",\"_valueType\":\"string\",\"_hash\":\"e7f94a9422a8bc317a7d90b58efcb5f6\"}"},{"dataType":"ValueEntry","value":"{\"_name\":\"pkgContextInfoMap-@ohos/hamock\",\"_value\":\"566d0d1ba1afb93928c8984a8fae6421\",\"_valueType\":\"string\",\"_hash\":\"52638b5b8d5967d85f7d558e6c0897dd\"}"},{"dataType":"ValueEntry","value":"{\"_name\":\"pkgContextInfoMap-@ohos/hypium\",\"_value\":\"69dbd9141bebef47c71175aada1bd7bf\",\"_valueType\":\"string\",\"_hash\":\"65eb1ae89d72758b386a93dddd5db61d\"}"},{"dataType":"ValueEntry","value":"{\"_name\":\"pkgContextInfoMap-entry\",\"_value\":\"a8164913e569f3b3b2485e1811ddf44d\",\"_valueType\":\"string\",\"_hash\":\"6fbb0d2287cd1f34051162075393f37a\"}"},{"dataType":"ValueEntry","value":"{\"_name\":\"useNormalizedOHMUrl\",\"_value\":true,\"_valueType\":\"boolean\",\"_hash\":\"05eabcf12e6fe230e579e0fd37679db6\"}"}],"_successful":true,"_projectName":"dist","_moduleName":"default","_taskName":"default@GeneratePkgContextInfo","_key":":dist:default:default@GeneratePkgContextInfo","_executionId":":dist:default:default@GeneratePkgContextInfo:1745936414403","_inputFiles":{"dataType":"Map","value":[]},"_outputFiles":{"dataType":"Map","value":[["/Users/lianglihao/Documents/GitHub/harmony-template/dist/entry/build/default/intermediates/loader/default/pkgContextInfo.json",{"isDirectory":false,"fileSnapShotHashValue":"099c443a3be3dec7bb6ade108080437a"}]]}},":dist:default:default@ProcessIntegratedHsp":{"_inputs":[{"dataType":"ValueEntry","value":"{\"_name\":\"BUILTIN_TASK_COMMAND\",\"_value\":\"\",\"_valueType\":\"string\"}"},{"dataType":"ValueEntry","value":"{\"_name\":\"BUILTIN_TASK_TOOLCHAIN\",\"_value\":\"\",\"_valueType\":\"string\"}"},{"dataType":"ValueEntry","value":"{\"_name\":\"BUILTIN_TASK_ENV\",\"_value\":\"\",\"_valueType\":\"string\"}"}],"_successful":true,"_projectName":"dist","_moduleName":"default","_taskName":"default@ProcessIntegratedHsp","_key":":dist:default:default@ProcessIntegratedHsp","_executionId":":dist:default:default@ProcessIntegratedHsp:1745985054783","_inputFiles":{"dataType":"Map","value":[]},"_outputFiles":{"dataType":"Map","value":[["/Users/lianglihao/Documents/GitHub/harmony-template/dist/build/cache/default/integrated_hsp/integratedHspCache.json",{"isDirectory":false,"fileSnapShotHashValue":""}]]}},":dist:default:default@MakePackInfo":{"_inputs":[{"dataType":"ValueEntry","value":"{\"_name\":\"deviceTypes\",\"_value\":[\"phone\"],\"_valueType\":\"object\"}"},{"dataType":"ValueEntry","value":"{\"_name\":\"compileSdkVersion\",\"_value\":16,\"_valueType\":\"number\"}"},{"dataType":"ValueEntry","value":"{\"_name\":\"compatibleSdkVersion\",\"_value\":16,\"_valueType\":\"number\"}"},{"dataType":"ValueEntry","value":"{\"_name\":\"moduleJsonOpt\",\"_value\":\"{\\\"module\\\":{\\\"name\\\":\\\"default\\\",\\\"type\\\":\\\"entry\\\",\\\"description\\\":\\\"$string:module_desc\\\",\\\"mainElement\\\":\\\"app\\\",\\\"deviceTypes\\\":[\\\"phone\\\"],\\\"deliveryWithInstall\\\":true,\\\"pages\\\":\\\"$profile:main_pages\\\",\\\"abilities\\\":[{\\\"name\\\":\\\"app\\\",\\\"srcEntry\\\":\\\"./ets/app.ets\\\",\\\"description\\\":\\\"$string:EntryAbility_desc\\\",\\\"icon\\\":\\\"$media:layered_image\\\",\\\"label\\\":\\\"$string:EntryAbility_label\\\",\\\"startWindowIcon\\\":\\\"$media:startIcon\\\",\\\"startWindowBackground\\\":\\\"$color:start_window_background\\\",\\\"exported\\\":true,\\\"skills\\\":[{\\\"entities\\\":[\\\"entity.system.home\\\"],\\\"actions\\\":[\\\"action.system.home\\\"]}]}],\\\"extensionAbilities\\\":[],\\\"requestPermissions\\\":[{\\\"name\\\":\\\"ohos.permission.VIBRATE\\\"},{\\\"name\\\":\\\"ohos.permission.GET_WIFI_INFO\\\"},{\\\"name\\\":\\\"ohos.permission.GET_NETWORK_INFO\\\"},{\\\"name\\\":\\\"ohos.permission.SET_NETWORK_INFO\\\"},{\\\"name\\\":\\\"ohos.permission.INTERNET\\\"},{\\\"name\\\":\\\"ohos.permission.GET_BUNDLE_INFO\\\"}]}}\",\"_valueType\":\"string\"}"},{"dataType":"ValueEntry","value":"{\"_name\":\"releaseType\",\"_value\":\"Release\",\"_valueType\":\"string\"}"},{"dataType":"ValueEntry","value":"{\"_name\":\"projectConfigAppOpt\",\"_valueType\":\"undefined\"}"},{"dataType":"ValueEntry","value":"{\"_name\":\"integratedHsp\",\"_value\":false,\"_valueType\":\"boolean\"}"},{"dataType":"ValueEntry","value":"{\"_name\":\"appResOpt\",\"_value\":\"{\\\"app\\\":{\\\"bundleName\\\":\\\"com.example.myapplication\\\",\\\"vendor\\\":\\\"example\\\",\\\"versionCode\\\":1000000,\\\"versionName\\\":\\\"1.0.0\\\",\\\"icon\\\":\\\"$media:layered_image\\\",\\\"label\\\":\\\"$string:app_name\\\",\\\"debug\\\":true}}\",\"_valueType\":\"string\"}"},{"dataType":"ValueEntry","value":"{\"_name\":\"BUILTIN_TASK_COMMAND\",\"_value\":\"\",\"_valueType\":\"string\"}"},{"dataType":"ValueEntry","value":"{\"_name\":\"BUILTIN_TASK_TOOLCHAIN\",\"_value\":\"\",\"_valueType\":\"string\"}"},{"dataType":"ValueEntry","value":"{\"_name\":\"BUILTIN_TASK_ENV\",\"_value\":\"\",\"_valueType\":\"string\"}"}],"_successful":true,"_projectName":"dist","_moduleName":"default","_taskName":"default@MakePackInfo","_key":":dist:default:default@MakePackInfo","_executionId":":dist:default:default@MakePackInfo:1745985054801","_inputFiles":{"dataType":"Map","value":[["/Users/lianglihao/Documents/GitHub/harmony-template/dist/AppScope/app.json5",{"fileSnapShotHashValue":"6ae59b4242acfd56b4425b63ce527336"}],["/Users/lianglihao/Documents/GitHub/harmony-template/dist/entry/src/main/module.json5",{"fileSnapShotHashValue":"1863a375e40293594a6552a05cf07232"}],["/Users/lianglihao/Documents/GitHub/harmony-template/dist/build-profile.json5",{"fileSnapShotHashValue":"3550cae067a37283e86854b5aab80120"}]]},"_outputFiles":{"dataType":"Map","value":[["/Users/lianglihao/Documents/GitHub/harmony-template/dist/entry/build/default/outputs/default/pack.info",{"fileSnapShotHashValue":"1af900096692a5ab730e8e0ad397c55c"}]]}},":dist:default:default@SyscapTransform":{"_inputs":[{"dataType":"ValueEntry","value":"{\"_name\":\"deviceTypes\",\"_value\":[\"phone\"],\"_valueType\":\"object\"}"},{"dataType":"ValueEntry","value":"{\"_name\":\"BUILTIN_TASK_COMMAND\",\"_value\":\"\",\"_valueType\":\"string\"}"},{"dataType":"ValueEntry","value":"{\"_name\":\"BUILTIN_TASK_TOOLCHAIN\",\"_value\":\"\",\"_valueType\":\"string\"}"},{"dataType":"ValueEntry","value":"{\"_name\":\"BUILTIN_TASK_ENV\",\"_value\":\"\",\"_valueType\":\"string\"}"}],"_successful":true,"_projectName":"dist","_moduleName":"default","_taskName":"default@SyscapTransform","_key":":dist:default:default@SyscapTransform","_executionId":":dist:default:default@SyscapTransform:1745985054805","_inputFiles":{"dataType":"Map","value":[["/Applications/DevEco-Studio.app/Contents/sdk/default/openharmony/toolchains/syscap_tool",{"fileSnapShotHashValue":"1cfcd204c91d87c15ac4a68945a1b8c1"}],["/Applications/DevEco-Studio.app/Contents/sdk/default/openharmony/ets/api/device-define",{"fileSnapShotHashValue":"a19abe3752b5ec86f72cc460117c644b"}]]},"_outputFiles":{"dataType":"Map","value":[["/Users/lianglihao/Documents/GitHub/harmony-template/dist/entry/build/default/intermediates/syscap/default/rpcid.sc",{"fileSnapShotHashValue":""}]]}},":dist:default:default@ProcessProfile":{"_inputs":[{"dataType":"ValueEntry","value":"{\"_name\":\"arkEnable\",\"_value\":true,\"_valueType\":\"boolean\"}"},{"dataType":"ValueEntry","value":"{\"_name\":\"compileMode\",\"_value\":\"esmodule\",\"_valueType\":\"string\"}"},{"dataType":"ValueEntry","value":"{\"_name\":\"deviceTypes\",\"_value\":[\"phone\"],\"_valueType\":\"object\"}"},{"dataType":"ValueEntry","value":"{\"_name\":\"dependency\",\"_value\":\"[]\",\"_valueType\":\"string\"}"},{"dataType":"ValueEntry","value":"{\"_name\":\"compatibleSdkVersionStage\",\"_value\":\"\",\"_valueType\":\"string\"}"},{"dataType":"ValueEntry","value":"{\"_name\":\"BUILTIN_TASK_COMMAND\",\"_value\":\"\",\"_valueType\":\"string\"}"},{"dataType":"ValueEntry","value":"{\"_name\":\"BUILTIN_TASK_TOOLCHAIN\",\"_value\":\"\",\"_valueType\":\"string\"}"},{"dataType":"ValueEntry","value":"{\"_name\":\"BUILTIN_TASK_ENV\",\"_value\":\"\",\"_valueType\":\"string\"}"}],"_successful":true,"_projectName":"dist","_moduleName":"default","_taskName":"default@ProcessProfile","_key":":dist:default:default@ProcessProfile","_executionId":":dist:default:default@ProcessProfile:1745985054817","_inputFiles":{"dataType":"Map","value":[["/Users/lianglihao/Documents/GitHub/harmony-template/dist/entry/build/default/intermediates/merge_profile/default/module.json",{"fileSnapShotHashValue":"673b7da9caa37bed3ad089ab6f25fbeb"}]]},"_outputFiles":{"dataType":"Map","value":[["/Users/lianglihao/Documents/GitHub/harmony-template/dist/entry/build/default/intermediates/process_profile/default/module.json",{"fileSnapShotHashValue":"1e69bf316b75cae3a384bdc969f88712"}]]}},":dist:default:default@ProcessRouterMap":{"_inputs":[{"dataType":"ValueEntry","value":"{\"_name\":\"useNormalizedOHMUrl\",\"_value\":true,\"_valueType\":\"boolean\"}"},{"dataType":"ValueEntry","value":"{\"_name\":\"obfuscated\",\"_value\":true,\"_valueType\":\"boolean\"}"},{"dataType":"ValueEntry","value":"{\"_name\":\"byteCodeHar\",\"_value\":false,\"_valueType\":\"boolean\"}"},{"dataType":"ValueEntry","value":"{\"_name\":\"BUILTIN_TASK_COMMAND\",\"_value\":\"\",\"_valueType\":\"string\"}"},{"dataType":"ValueEntry","value":"{\"_name\":\"BUILTIN_TASK_TOOLCHAIN\",\"_value\":\"\",\"_valueType\":\"string\"}"},{"dataType":"ValueEntry","value":"{\"_name\":\"BUILTIN_TASK_ENV\",\"_value\":\"\",\"_valueType\":\"string\"}"}],"_successful":true,"_projectName":"dist","_moduleName":"default","_taskName":"default@ProcessRouterMap","_key":":dist:default:default@ProcessRouterMap","_executionId":":dist:default:default@ProcessRouterMap:1745985054879","_inputFiles":{"dataType":"Map","value":[["/Users/lianglihao/Documents/GitHub/harmony-template/dist/entry/oh-package.json5",{"fileSnapShotHashValue":"650e62241551d64350076aba67520deb"}],["/Users/lianglihao/Documents/GitHub/harmony-template/dist/oh-package.json5",{"fileSnapShotHashValue":"b097b7c22469b8d26a22689e79f27b1b"}],["/Users/lianglihao/Documents/GitHub/harmony-template/dist/entry/src/main/module.json5",{"fileSnapShotHashValue":"1863a375e40293594a6552a05cf07232"}],["/Users/lianglihao/Documents/GitHub/harmony-template/dist/entry/build/default/intermediates/loader/default/pkgContextInfo.json",{"fileSnapShotHashValue":"099c443a3be3dec7bb6ade108080437a"}]]},"_outputFiles":{"dataType":"Map","value":[["/Users/lianglihao/Documents/GitHub/harmony-template/dist/entry/build/default/intermediates/router_map/default/temp-router-map.json",{"fileSnapShotHashValue":"ec4c23a9cf81a88f9812181c5c3fbe92"}],["/Users/lianglihao/Documents/GitHub/harmony-template/dist/entry/build/default/intermediates/router_map/default/loader-router-map.json",{"fileSnapShotHashValue":"399be0fe91fc87f633e8e3b3a09a197a"}]]}},":dist:default:default@ProcessResource":{"_inputs":[{"dataType":"ValueEntry","value":"{\"_name\":\"/Users/lianglihao/Documents/GitHub/harmony-template/dist/entry/build/default/intermediates/res/default/opt-compression.json\",\"_value\":\"{\\\"context\\\":{\\\"extensionPath\\\":\\\"/Applications/DevEco-Studio.app/Contents/sdk/default/hms/toolchains/lib/libimage_transcoder_shared.dylib\\\"},\\\"compression\\\":{\\\"media\\\":{\\\"enable\\\":false},\\\"filters\\\":[]}}\",\"_valueType\":\"string\",\"_hash\":\"03b1445a881657471df04f0c5bd30c0e\"}"},{"dataType":"ValueEntry","value":"{\"_name\":\"BUILTIN_TASK_COMMAND\",\"_value\":\"\",\"_valueType\":\"string\",\"_hash\":\"0b5d05294fdf4e78e8482ef53eb64ac0\"}"},{"dataType":"ValueEntry","value":"{\"_name\":\"BUILTIN_TASK_ENV\",\"_value\":\"\",\"_valueType\":\"string\",\"_hash\":\"cdcdc2ec8062ca9ec1de46dbf2bbc053\"}"},{"dataType":"ValueEntry","value":"{\"_name\":\"BUILTIN_TASK_TOOLCHAIN\",\"_value\":\"\",\"_valueType\":\"string\",\"_hash\":\"e7f94a9422a8bc317a7d90b58efcb5f6\"}"},{"dataType":"ValueEntry","value":"{\"_name\":\"resConfigJsonContent\",\"_value\":\"{\\\"configPath\\\":\\\"/Users/lianglihao/Documents/GitHub/harmony-template/dist/entry/build/default/intermediates/process_profile/default/module.json\\\",\\\"packageName\\\":\\\"com.example.myapplication\\\",\\\"output\\\":\\\"/Users/lianglihao/Documents/GitHub/harmony-template/dist/entry/build/default/intermediates/res/default\\\",\\\"moduleNames\\\":\\\"default\\\",\\\"ResourceTable\\\":[\\\"/Users/lianglihao/Documents/GitHub/harmony-template/dist/entry/build/default/generated/r/default/ResourceTable.h\\\"],\\\"applicationResource\\\":\\\"/Users/lianglihao/Documents/GitHub/harmony-template/dist/AppScope/resources\\\",\\\"moduleResources\\\":[\\\"/Users/lianglihao/Documents/GitHub/harmony-template/dist/entry/src/main/resources\\\"],\\\"dependencies\\\":[],\\\"iconCheck\\\":true,\\\"ids\\\":\\\"/Users/lianglihao/Documents/GitHub/harmony-template/dist/entry/build/default/intermediates/res/default/ids_map\\\",\\\"definedIds\\\":\\\"/Users/lianglihao/Documents/GitHub/harmony-template/dist/entry/build/default/intermediates/res/default/ids_map/id_defined.json\\\",\\\"definedSysIds\\\":\\\"/Applications/DevEco-Studio.app/Contents/sdk/default/hms/toolchains/id_defined.json\\\"}\",\"_valueType\":\"string\",\"_hash\":\"8f9737f093be64719a5917b385e78e15\"}"},{"dataType":"ValueEntry","value":"{\"_name\":\"resource_str\",\"_value\":false,\"_valueType\":\"boolean\",\"_hash\":\"c59ebe125e2aaa014a4454c9564cf3c6\"}"}],"_successful":true,"_projectName":"dist","_moduleName":"default","_taskName":"default@ProcessResource","_key":":dist:default:default@ProcessResource","_executionId":":dist:default:default@ProcessResource:1745936414487","_inputFiles":{"dataType":"Map","value":[]},"_outputFiles":{"dataType":"Map","value":[["/Users/lianglihao/Documents/GitHub/harmony-template/dist/entry/build/default/intermediates/res/default/resConfig.json",{"isDirectory":false,"fileSnapShotHashValue":"d3b1ca78e7169576c934b4cb42a2d091"}],["/Users/lianglihao/Documents/GitHub/harmony-template/dist/entry/build/default/intermediates/res/default/opt-compression.json",{"isDirectory":false,"fileSnapShotHashValue":"b85f22a602385c2ce76cacab94f38f10"}]]}},":dist:default:default@GenerateLoaderJson":{"_inputs":[{"dataType":"ValueEntry","value":"{\"_name\":\"projectRootPath\",\"_value\":\"/Users/lianglihao/Documents/GitHub/harmony-template/dist\",\"_valueType\":\"string\"}"},{"dataType":"ValueEntry","value":"{\"_name\":\"modulePathMap\",\"_value\":\"{\\\"default\\\":\\\"/Users/lianglihao/Documents/GitHub/harmony-template/dist/entry\\\"}\",\"_valueType\":\"string\"}"},{"dataType":"ValueEntry","value":"{\"_name\":\"module_dependencies\",\"_value\":\"{}\",\"_valueType\":\"string\"}"},{"dataType":"ValueEntry","value":"{\"_name\":\"overrides\",\"_valueType\":\"undefined\"}"},{"dataType":"ValueEntry","value":"{\"_name\":\"project_dependencies\",\"_value\":\"{}\",\"_valueType\":\"string\"}"},{"dataType":"ValueEntry","value":"{\"_name\":\"useNormalizedOHMUrl\",\"_value\":true,\"_valueType\":\"boolean\"}"},{"dataType":"ValueEntry","value":"{\"_name\":\"isOhosTest\",\"_value\":false,\"_valueType\":\"boolean\"}"},{"dataType":"ValueEntry","value":"{\"_name\":\"isFullCompilationEnabled\",\"_value\":true,\"_valueType\":\"boolean\"}"},{"dataType":"ValueEntry","value":"{\"_name\":\"patchConfig\",\"_value\":\"{\\\"changedFileList\\\":\\\"/Users/lianglihao/Documents/GitHub/harmony-template/dist/entry/build/default/intermediates/patch/default/changedFileList.json\\\"}\",\"_valueType\":\"string\"}"},{"dataType":"ValueEntry","value":"{\"_name\":\"compileMode\",\"_value\":\"esmodule\",\"_valueType\":\"string\"}"},{"dataType":"ValueEntry","value":"{\"_name\":\"nodeModulesPath\",\"_value\":\"/Users/lianglihao/Documents/GitHub/harmony-template/dist/entry/build/default/intermediates/loader_out/default/node_modules\",\"_valueType\":\"string\"}"},{"dataType":"ValueEntry","value":"{\"_name\":\"targetConfig\",\"_value\":\"{\\\"name\\\":\\\"default\\\"}\",\"_valueType\":\"string\"}"},{"dataType":"ValueEntry","value":"{\"_name\":\"hspNameOhmMap\",\"_value\":\"{}\",\"_valueType\":\"string\"}"},{"dataType":"ValueEntry","value":"{\"_name\":\"harNameOhmMap\",\"_value\":\"{}\",\"_valueType\":\"string\"}"},{"dataType":"ValueEntry","value":"{\"_name\":\"anBuildMode\",\"_value\":\"type\",\"_valueType\":\"string\"}"},{"dataType":"ValueEntry","value":"{\"_name\":\"apPath\",\"_value\":\"/Users/lianglihao/Documents/GitHub/harmony-template/dist/entry/modules.ap\",\"_valueType\":\"string\"}"},{"dataType":"ValueEntry","value":"{\"_name\":\"fallbackAnBuild\",\"_value\":false,\"_valueType\":\"boolean\"}"},{"dataType":"ValueEntry","value":"{\"_name\":\"isHarWithCoverage\",\"_value\":false,\"_valueType\":\"boolean\"}"},{"dataType":"ValueEntry","value":"{\"_name\":\"compileApiVersion\",\"_value\":16,\"_valueType\":\"number\"}"},{"dataType":"ValueEntry","value":"{\"_name\":\"compatibleApiVersion\",\"_value\":16,\"_valueType\":\"number\"}"},{"dataType":"ValueEntry","value":"{\"_name\":\"isByteCodeHar\",\"_value\":false,\"_valueType\":\"boolean\"}"},{"dataType":"ValueEntry","value":"{\"_name\":\"shouldTreatHarAsHap\",\"_value\":false,\"_valueType\":\"boolean\"}"},{"dataType":"ValueEntry","value":"{\"_name\":\"isBundledDependencies\",\"_value\":false,\"_valueType\":\"boolean\"}"},{"dataType":"ValueEntry","value":"{\"_name\":\"needSubmitArkTsWidget\",\"_value\":false,\"_valueType\":\"boolean\"}"},{"dataType":"ValueEntry","value":"{\"_name\":\"BUILTIN_TASK_COMMAND\",\"_value\":\"\",\"_valueType\":\"string\"}"},{"dataType":"ValueEntry","value":"{\"_name\":\"BUILTIN_TASK_TOOLCHAIN\",\"_value\":\"\",\"_valueType\":\"string\"}"},{"dataType":"ValueEntry","value":"{\"_name\":\"BUILTIN_TASK_ENV\",\"_value\":\"\",\"_valueType\":\"string\"}"}],"_successful":true,"_projectName":"dist","_moduleName":"default","_taskName":"default@GenerateLoaderJson","_key":":dist:default:default@GenerateLoaderJson","_executionId":":dist:default:default@GenerateLoaderJson:1745985054897","_inputFiles":{"dataType":"Map","value":[["/Users/lianglihao/Documents/GitHub/harmony-template/dist/entry/src/mock/mock-config.json5",{"fileSnapShotHashValue":"2402c9e23f32e45b77f01df1873886e6"}],["/Users/lianglihao/Documents/GitHub/harmony-template/dist/entry/build/default/intermediates/loader/default/pkgContextInfo.json",{"fileSnapShotHashValue":"099c443a3be3dec7bb6ade108080437a"}],["/Users/lianglihao/Documents/GitHub/harmony-template/dist/entry/build/default/intermediates/router_map/default/temp-router-map.json",{"fileSnapShotHashValue":"ec4c23a9cf81a88f9812181c5c3fbe92"}]]},"_outputFiles":{"dataType":"Map","value":[["/Users/lianglihao/Documents/GitHub/harmony-template/dist/entry/build/default/intermediates/loader/default/loader.json",{"isDirectory":false,"fileSnapShotHashValue":"20d6e69e74d1675564f094ceb85c1c19"}]]}},":dist:default:default@ProcessLibs":{"_inputs":[{"dataType":"ValueEntry","value":"{\"_name\":\"isBundledDependencies\",\"_value\":false,\"_valueType\":\"boolean\"}"},{"dataType":"ValueEntry","value":"{\"_name\":\"isByteCodeHar\",\"_value\":false,\"_valueType\":\"boolean\"}"},{"dataType":"ValueEntry","value":"{\"_name\":\"excludeFromHar\",\"_value\":true,\"_valueType\":\"boolean\"}"},{"dataType":"ValueEntry","value":"{\"_name\":\"BUILTIN_TASK_COMMAND\",\"_value\":\"\",\"_valueType\":\"string\"}"},{"dataType":"ValueEntry","value":"{\"_name\":\"BUILTIN_TASK_TOOLCHAIN\",\"_value\":\"\",\"_valueType\":\"string\"}"},{"dataType":"ValueEntry","value":"{\"_name\":\"BUILTIN_TASK_ENV\",\"_value\":\"\",\"_valueType\":\"string\"}"}],"_successful":true,"_projectName":"dist","_moduleName":"default","_taskName":"default@ProcessLibs","_key":":dist:default:default@ProcessLibs","_executionId":":dist:default:default@ProcessLibs:1745985054920","_inputFiles":{"dataType":"Map","value":[["/Users/lianglihao/Documents/GitHub/harmony-template/dist/build-profile.json5",{"fileSnapShotHashValue":"3550cae067a37283e86854b5aab80120"}],["/Users/lianglihao/Documents/GitHub/harmony-template/dist/entry/build-profile.json5",{"fileSnapShotHashValue":"c7022808520f1bda033f09d57e8b54f9"}]]},"_outputFiles":{"dataType":"Map","value":[["/Users/lianglihao/Documents/GitHub/harmony-template/dist/entry/build/default/intermediates/libs/default",{"isDirectory":true,"fileSnapShotHashValue":""}]]}},":dist:default:default@CompileResource":{"_inputs":[{"dataType":"ValueEntry","value":"{\"_name\":\"TARGET_CONFIG\",\"_value\":\"{\\\"name\\\":\\\"default\\\"}\",\"_valueType\":\"string\"}"},{"dataType":"ValueEntry","value":"{\"_name\":\"BUILTIN_TASK_COMMAND\",\"_value\":\"/Applications/DevEco-Studio.app/Contents/sdk/default/openharmony/toolchains/restool,-l,/Users/lianglihao/Documents/GitHub/harmony-template/dist/entry/build/default/intermediates/res/default/resConfig.json\",\"_valueType\":\"string\"}"},{"dataType":"ValueEntry","value":"{\"_name\":\"BUILTIN_TASK_TOOLCHAIN\",\"_value\":\"/Applications/DevEco-Studio.app/Contents/sdk/default/openharmony/toolchains/restool\",\"_valueType\":\"string\"}"},{"dataType":"ValueEntry","value":"{\"_name\":\"BUILTIN_TASK_ENV\",\"_value\":\"\",\"_valueType\":\"string\"}"}],"_successful":true,"_projectName":"dist","_moduleName":"default","_taskName":"default@CompileResource","_key":":dist:default:default@CompileResource","_executionId":":dist:default:default@CompileResource:1745985054935","_inputFiles":{"dataType":"Map","value":[["/Users/lianglihao/Documents/GitHub/harmony-template/dist/entry/src/main/resources",{"fileSnapShotHashValue":"57ce86acf284a723ad387ccd6e4b7565"}],["/Users/lianglihao/Documents/GitHub/harmony-template/dist/AppScope/resources",{"fileSnapShotHashValue":"e7e8437906ed42d1e7b25c0272276faa"}],["/Users/lianglihao/Documents/GitHub/harmony-template/dist/entry/build/default/intermediates/process_profile/default/module.json",{"isDirectory":false,"fileSnapShotHashValue":"1e69bf316b75cae3a384bdc969f88712"}],["/Users/lianglihao/Documents/GitHub/harmony-template/dist/entry/build/default/intermediates/res/default/resConfig.json",{"isDirectory":false,"fileSnapShotHashValue":"d3b1ca78e7169576c934b4cb42a2d091"}]]},"_outputFiles":{"dataType":"Map","value":[["/Users/lianglihao/Documents/GitHub/harmony-template/dist/entry/build/default/intermediates/res/default",{"isDirectory":true,"fileSnapShotHashValue":"58d367c51b1aac6c455db78879e4f258"}],["/Users/lianglihao/Documents/GitHub/harmony-template/dist/entry/build/default/generated/r/default/ResourceTable.h",{"isDirectory":false,"fileSnapShotHashValue":"0f53e5f2ca5abf1924d7f50a11a8a3c0"}],["/Users/lianglihao/Documents/GitHub/harmony-template/dist/entry/build/default/generated/r/default",{"isDirectory":true,"fileSnapShotHashValue":"37436da28b128edc2675c17d89b73a2c"}]]}},":dist:default:default@CompileArkTS":{"_inputs":[{"dataType":"ValueEntry","value":"{\"_name\":\"debuggable\",\"_value\":true,\"_valueType\":\"boolean\"}"},{"dataType":"ValueEntry","value":"{\"_name\":\"isArk\",\"_value\":true,\"_valueType\":\"boolean\"}"},{"dataType":"ValueEntry","value":"{\"_name\":\"needCoverageInsert\",\"_value\":false,\"_valueType\":\"boolean\"}"},{"dataType":"ValueEntry","value":"{\"_name\":\"ark.tsImportSendable\",\"_value\":false,\"_valueType\":\"boolean\"}"},{"dataType":"ValueEntry","value":"{\"_name\":\"customTypes\",\"_value\":\"\",\"_valueType\":\"string\"}"},{"dataType":"ValueEntry","value":"{\"_name\":\"caseSensitiveCheck\",\"_value\":true,\"_valueType\":\"boolean\"}"},{"dataType":"ValueEntry","value":"{\"_name\":\"useNormalizedOHMUrl\",\"_value\":true,\"_valueType\":\"boolean\"}"},{"dataType":"ValueEntry","value":"{\"_name\":\"transformLib\",\"_value\":\"\",\"_valueType\":\"string\"}"},{"dataType":"ValueEntry","value":"{\"_name\":\"compatibleSdkVersionStage\",\"_value\":\"\",\"_valueType\":\"string\"}"},{"dataType":"ValueEntry","value":"{\"_name\":\"autoLazyImport\",\"_value\":false,\"_valueType\":\"boolean\"}"},{"dataType":"ValueEntry","value":"{\"_name\":\"allowEmptyBundleName\",\"_value\":false,\"_valueType\":\"boolean\"}"},{"dataType":"ValueEntry","value":"{\"_name\":\"arkTsWdiget\",\"_value\":false,\"_valueType\":\"boolean\"}"},{"dataType":"ValueEntry","value":"{\"_name\":\"debugLine\",\"_value\":\"true\",\"_valueType\":\"string\"}"},{"dataType":"ValueEntry","value":"{\"_name\":\"OBFUSCATION_ENABLE\",\"_value\":\"undefined\",\"_valueType\":\"string\"}"},{"dataType":"ValueEntry","value":"{\"_name\":\"copyCodeResourceEnable\",\"_value\":true,\"_valueType\":\"boolean\"}"},{"dataType":"ValueEntry","value":"{\"_name\":\"copyCodeResourceExcludes\",\"_value\":[],\"_valueType\":\"object\"}"},{"dataType":"ValueEntry","value":"{\"_name\":\"noExternalImportByPath\",\"_value\":true,\"_valueType\":\"boolean\"}"},{"dataType":"ValueEntry","value":"{\"_name\":\"BUILTIN_TASK_COMMAND\",\"_value\":\"\",\"_valueType\":\"string\"}"},{"dataType":"ValueEntry","value":"{\"_name\":\"BUILTIN_TASK_TOOLCHAIN\",\"_value\":\"\",\"_valueType\":\"string\"}"},{"dataType":"ValueEntry","value":"{\"_name\":\"BUILTIN_TASK_ENV\",\"_value\":\"\",\"_valueType\":\"string\"}"}],"_successful":true,"_projectName":"dist","_moduleName":"default","_taskName":"default@CompileArkTS","_key":":dist:default:default@CompileArkTS","_executionId":":dist:default:default@CompileArkTS:1745985055403","_inputFiles":{"dataType":"Map","value":[["/Users/lianglihao/Documents/GitHub/harmony-template/dist/entry/build/default/intermediates/loader/default",{"isDirectory":true,"fileSnapShotHashValue":"add50c4de899562a698e61ad884effc8"}],["/Users/lianglihao/Documents/GitHub/harmony-template/dist/entry/build/default/intermediates/res/default/resources/rawfile",{"isDirectory":true,"fileSnapShotHashValue":"e49af3f5557701d45160c44e53227b47"}],["/Users/lianglihao/Documents/GitHub/harmony-template/dist/entry/build/default/intermediates/res/default/ResourceTable.txt",{"fileSnapShotHashValue":"7348f04d4a79d53870a98e576a66b57e"}],["/Users/lianglihao/Documents/GitHub/harmony-template/dist/entry/build/default/intermediates/res/default/ark_module.json",{"fileSnapShotHashValue":"92c36c61e232fc5cade6fcc1431f1e9c"}],["/Users/lianglihao/Documents/GitHub/harmony-template/dist/entry/build/default/intermediates/res/default/resources/base/profile",{"isDirectory":true,"fileSnapShotHashValue":"d4c489e7bbbf3a716c7d11a1d9778459"}],["/Users/lianglihao/Documents/GitHub/harmony-template/dist/entry/src/main/ets",{"isDirectory":true,"fileSnapShotHashValue":"b6fd2bfc5391a78382dfef8cf1a320d9"}],["/Users/lianglihao/Documents/GitHub/harmony-template/dist/entry/build/default/intermediates/loader/default/pkgContextInfo.json",{"fileSnapShotHashValue":"099c443a3be3dec7bb6ade108080437a"}],["/Users/lianglihao/Documents/GitHub/harmony-template/dist/entry/build/default/generated/profile/default/BuildProfile.ets",{"fileSnapShotHashValue":"089ef9765780586d724a9b24c7680264"}],["/Users/lianglihao/Documents/GitHub/harmony-template/dist/entry/src/mock/mock-config.json5",{"isDirectory":false,"fileSnapShotHashValue":"2402c9e23f32e45b77f01df1873886e6"}]]},"_outputFiles":{"dataType":"Map","value":[["/Users/lianglihao/Documents/GitHub/harmony-template/dist/entry/build/default/intermediates/loader_out/default/ets",{"isDirectory":true,"fileSnapShotHashValue":"e9cde4a20c3cfcbbb5f2eb2941464a80"}]]}},":dist:default:default@BuildJS":{"_inputs":[{"dataType":"ValueEntry","value":"{\"_name\":\"debuggable\",\"_value\":true,\"_valueType\":\"boolean\"}"},{"dataType":"ValueEntry","value":"{\"_name\":\"isArk\",\"_value\":true,\"_valueType\":\"boolean\"}"},{"dataType":"ValueEntry","value":"{\"_name\":\"needCoverageInsert\",\"_value\":false,\"_valueType\":\"boolean\"}"},{"dataType":"ValueEntry","value":"{\"_name\":\"ark.tsImportSendable\",\"_value\":false,\"_valueType\":\"boolean\"}"},{"dataType":"ValueEntry","value":"{\"_name\":\"customTypes\",\"_value\":\"\",\"_valueType\":\"string\"}"},{"dataType":"ValueEntry","value":"{\"_name\":\"caseSensitiveCheck\",\"_value\":true,\"_valueType\":\"boolean\"}"},{"dataType":"ValueEntry","value":"{\"_name\":\"useNormalizedOHMUrl\",\"_value\":true,\"_valueType\":\"boolean\"}"},{"dataType":"ValueEntry","value":"{\"_name\":\"transformLib\",\"_value\":\"\",\"_valueType\":\"string\"}"},{"dataType":"ValueEntry","value":"{\"_name\":\"compatibleSdkVersionStage\",\"_value\":\"\",\"_valueType\":\"string\"}"},{"dataType":"ValueEntry","value":"{\"_name\":\"autoLazyImport\",\"_value\":false,\"_valueType\":\"boolean\"}"},{"dataType":"ValueEntry","value":"{\"_name\":\"allowEmptyBundleName\",\"_value\":false,\"_valueType\":\"boolean\"}"},{"dataType":"ValueEntry","value":"{\"_name\":\"BUILTIN_TASK_COMMAND\",\"_value\":\"\",\"_valueType\":\"string\"}"},{"dataType":"ValueEntry","value":"{\"_name\":\"BUILTIN_TASK_TOOLCHAIN\",\"_value\":\"\",\"_valueType\":\"string\"}"},{"dataType":"ValueEntry","value":"{\"_name\":\"BUILTIN_TASK_ENV\",\"_value\":\"\",\"_valueType\":\"string\"}"}],"_successful":false,"_projectName":"dist","_moduleName":"default","_taskName":"default@BuildJS","_key":":dist:default:default@BuildJS","_executionId":":dist:default:default@BuildJS:1745985055440","_inputFiles":{"dataType":"Map","value":[["/Users/lianglihao/Documents/GitHub/harmony-template/dist/entry/build/default/intermediates/loader/default",{"isDirectory":true,"fileSnapShotHashValue":"add50c4de899562a698e61ad884effc8"}],["/Users/lianglihao/Documents/GitHub/harmony-template/dist/entry/build/default/intermediates/res/default/resources/rawfile",{"isDirectory":true,"fileSnapShotHashValue":"e49af3f5557701d45160c44e53227b47"}],["/Users/lianglihao/Documents/GitHub/harmony-template/dist/entry/build/default/intermediates/res/default/ResourceTable.txt",{"fileSnapShotHashValue":"7348f04d4a79d53870a98e576a66b57e"}],["/Users/lianglihao/Documents/GitHub/harmony-template/dist/entry/build/default/intermediates/res/default/ark_module.json",{"fileSnapShotHashValue":"92c36c61e232fc5cade6fcc1431f1e9c"}],["/Users/lianglihao/Documents/GitHub/harmony-template/dist/entry/build/default/intermediates/res/default/resources/base/profile",{"isDirectory":true,"fileSnapShotHashValue":"d4c489e7bbbf3a716c7d11a1d9778459"}],["/Users/lianglihao/Documents/GitHub/harmony-template/dist/entry/build/default/intermediates/loader/default/pkgContextInfo.json",{"fileSnapShotHashValue":"099c443a3be3dec7bb6ade108080437a"}]]},"_outputFiles":{"dataType":"Map","value":[["/Users/lianglihao/Documents/GitHub/harmony-template/dist/entry/build/default/intermediates/loader_out/default/js",{"isDirectory":true,"fileSnapShotHashValue":""}]]}},":dist:default:default@DoNativeStrip":{"_inputs":[{"dataType":"ValueEntry","value":"{\"_name\":\"BUILTIN_TASK_COMMAND\",\"_value\":\"\",\"_valueType\":\"string\",\"_hash\":\"0b5d05294fdf4e78e8482ef53eb64ac0\"}"},{"dataType":"ValueEntry","value":"{\"_name\":\"BUILTIN_TASK_ENV\",\"_value\":\"\",\"_valueType\":\"string\",\"_hash\":\"cdcdc2ec8062ca9ec1de46dbf2bbc053\"}"},{"dataType":"ValueEntry","value":"{\"_name\":\"BUILTIN_TASK_TOOLCHAIN\",\"_value\":\"\",\"_valueType\":\"string\",\"_hash\":\"e7f94a9422a8bc317a7d90b58efcb5f6\"}"},{"dataType":"ValueEntry","value":"{\"_name\":\"debugSymbol\",\"_value\":\"\",\"_valueType\":\"string\",\"_hash\":\"055eeab6818b3f1a4978705cfba272fa\"}"}],"_successful":true,"_projectName":"dist","_moduleName":"default","_taskName":"default@DoNativeStrip","_key":":dist:default:default@DoNativeStrip","_executionId":":dist:default:default@DoNativeStrip:1745936414987","_inputFiles":{"dataType":"Map","value":[["/Users/lianglihao/Documents/GitHub/harmony-template/dist/entry/build/default/intermediates/libs/default",{"isDirectory":true,"fileSnapShotHashValue":""}]]},"_outputFiles":{"dataType":"Map","value":[["/Users/lianglihao/Documents/GitHub/harmony-template/dist/entry/build/default/intermediates/stripped_native_libs/default",{"isDirectory":true,"fileSnapShotHashValue":""}]]}},":dist:default:default@CacheNativeLibs":{"_inputs":[{"dataType":"ValueEntry","value":"{\"_name\":\"BUILTIN_TASK_COMMAND\",\"_value\":\"\",\"_valueType\":\"string\",\"_hash\":\"0b5d05294fdf4e78e8482ef53eb64ac0\"}"},{"dataType":"ValueEntry","value":"{\"_name\":\"BUILTIN_TASK_ENV\",\"_value\":\"\",\"_valueType\":\"string\",\"_hash\":\"cdcdc2ec8062ca9ec1de46dbf2bbc053\"}"},{"dataType":"ValueEntry","value":"{\"_name\":\"BUILTIN_TASK_TOOLCHAIN\",\"_value\":\"\",\"_valueType\":\"string\",\"_hash\":\"e7f94a9422a8bc317a7d90b58efcb5f6\"}"},{"dataType":"ValueEntry","value":"{\"_name\":\"debugSymbol\",\"_value\":\"\",\"_valueType\":\"string\",\"_hash\":\"055eeab6818b3f1a4978705cfba272fa\"}"}],"_successful":true,"_projectName":"dist","_moduleName":"default","_taskName":"default@CacheNativeLibs","_key":":dist:default:default@CacheNativeLibs","_executionId":":dist:default:default@CacheNativeLibs:1745936414999","_inputFiles":{"dataType":"Map","value":[["/Users/lianglihao/Documents/GitHub/harmony-template/dist/entry/build/default/intermediates/stripped_native_libs/default",{"isDirectory":true,"fileSnapShotHashValue":""}],["/Users/lianglihao/Documents/GitHub/harmony-template/dist/entry/build/default/intermediates/libs/default",{"isDirectory":true,"fileSnapShotHashValue":""}]]},"_outputFiles":{"dataType":"Map","value":[["/Users/lianglihao/Documents/GitHub/harmony-template/dist/entry/build/default/intermediates/patch/default/base_native_libs.json",{"isDirectory":false,"fileSnapShotHashValue":"6d36c09ce2bd1c3d20a22337cb112be2"}]]}},":dist:default:default@GeneratePkgModuleJson":{"_inputs":[{"dataType":"ValueEntry","value":"{\"_name\":\"BUILTIN_TASK_COMMAND\",\"_value\":\"\",\"_valueType\":\"string\"}"},{"dataType":"ValueEntry","value":"{\"_name\":\"BUILTIN_TASK_TOOLCHAIN\",\"_value\":\"\",\"_valueType\":\"string\"}"},{"dataType":"ValueEntry","value":"{\"_name\":\"BUILTIN_TASK_ENV\",\"_value\":\"\",\"_valueType\":\"string\"}"}],"_successful":true,"_projectName":"dist","_moduleName":"default","_taskName":"default@GeneratePkgModuleJson","_key":":dist:default:default@GeneratePkgModuleJson","_executionId":":dist:default:default@GeneratePkgModuleJson:1745985064587","_inputFiles":{"dataType":"Map","value":[["/Users/lianglihao/Documents/GitHub/harmony-template/dist/entry/build/default/intermediates/res/default/module.json",{"fileSnapShotHashValue":"4ea8b101302dab461f68eb6c9742a201"}]]},"_outputFiles":{"dataType":"Map","value":[["/Users/lianglihao/Documents/GitHub/harmony-template/dist/entry/build/default/intermediates/package/default/module.json",{"fileSnapShotHashValue":"4624a8eb5b6278f561783123714f57cf"}]]}},":dist:default:default@PackageHap":{"_inputs":[{"dataType":"ValueEntry","value":"{\"_name\":\"hotReload\",\"_value\":false,\"_valueType\":\"boolean\"}"},{"dataType":"ValueEntry","value":"{\"_name\":\"integrated_hsp\",\"_value\":false,\"_valueType\":\"boolean\"}"},{"dataType":"ValueEntry","value":"{\"_name\":\"projectConfigAppOpt\",\"_valueType\":\"undefined\"}"},{"dataType":"ValueEntry","value":"{\"_name\":\"sourceMapDir\",\"_value\":\"\",\"_valueType\":\"string\"}"},{"dataType":"ValueEntry","value":"{\"_name\":\"bundleType\",\"_value\":\"app\",\"_valueType\":\"string\"}"},{"dataType":"ValueEntry","value":"{\"_name\":\"BUILTIN_TASK_COMMAND\",\"_value\":\"java,-Dfile.encoding=utf-8,-jar,/Applications/DevEco-Studio.app/Contents/sdk/default/openharmony/toolchains/lib/app_packing_tool.jar,--mode,hap,--force,true,--lib-path,/Users/lianglihao/Documents/GitHub/harmony-template/dist/entry/build/default/intermediates/stripped_native_libs/default,--json-path,/Users/lianglihao/Documents/GitHub/harmony-template/dist/entry/build/default/intermediates/package/default/module.json,--resources-path,/Users/lianglihao/Documents/GitHub/harmony-template/dist/entry/build/default/intermediates/res/default/resources,--index-path,/Users/lianglihao/Documents/GitHub/harmony-template/dist/entry/build/default/intermediates/res/default/resources.index,--pack-info-path,/Users/lianglihao/Documents/GitHub/harmony-template/dist/entry/build/default/outputs/default/pack.info,--out-path,/Users/lianglihao/Documents/GitHub/harmony-template/dist/entry/build/default/outputs/default/default-default-unsigned.hap,--ets-path,/Users/lianglihao/Documents/GitHub/harmony-template/dist/entry/build/default/intermediates/loader_out/default/ets,--pkg-context-path,/Users/lianglihao/Documents/GitHub/harmony-template/dist/entry/build/default/intermediates/loader/default/pkgContextInfo.json\",\"_valueType\":\"string\"}"},{"dataType":"ValueEntry","value":"{\"_name\":\"BUILTIN_TASK_TOOLCHAIN\",\"_value\":\"/Applications/DevEco-Studio.app/Contents/sdk/default/openharmony/toolchains/lib/app_packing_tool.jar\",\"_valueType\":\"string\"}"},{"dataType":"ValueEntry","value":"{\"_name\":\"BUILTIN_TASK_ENV\",\"_value\":\"\",\"_valueType\":\"string\"}"}],"_successful":true,"_projectName":"dist","_moduleName":"default","_taskName":"default@PackageHap","_key":":dist:default:default@PackageHap","_executionId":":dist:default:default@PackageHap:1745985064597","_inputFiles":{"dataType":"Map","value":[["/Users/lianglihao/Documents/GitHub/harmony-template/dist/entry/build/default/intermediates/stripped_native_libs/default",{"isDirectory":false,"fileSnapShotHashValue":""}],["/Users/lianglihao/Documents/GitHub/harmony-template/dist/entry/build/default/intermediates/res/default/module.json",{"isDirectory":false,"fileSnapShotHashValue":"4ea8b101302dab461f68eb6c9742a201"}],["/Users/lianglihao/Documents/GitHub/harmony-template/dist/entry/build/default/intermediates/res/default/resources",{"isDirectory":false,"fileSnapShotHashValue":"f569a95b1849870a840034722b4d929f"}],["/Users/lianglihao/Documents/GitHub/harmony-template/dist/entry/build/default/intermediates/res/default/resources.index",{"isDirectory":false,"fileSnapShotHashValue":"c15e5adfe1ab23b0567fc30bb2e34f31"}],["/Users/lianglihao/Documents/GitHub/harmony-template/dist/entry/build/default/outputs/default/pack.info",{"isDirectory":false,"fileSnapShotHashValue":"1af900096692a5ab730e8e0ad397c55c"}],["/Users/lianglihao/Documents/GitHub/harmony-template/dist/entry/build/default/intermediates/loader_out/default/ets",{"isDirectory":false,"fileSnapShotHashValue":"e9cde4a20c3cfcbbb5f2eb2941464a80"}],["/Users/lianglihao/Documents/GitHub/harmony-template/dist/entry/build/default/intermediates/loader/default/pkgContextInfo.json",{"isDirectory":false,"fileSnapShotHashValue":"099c443a3be3dec7bb6ade108080437a"}],["/Users/lianglihao/Documents/GitHub/harmony-template/dist/entry/build/default/intermediates/loader_out/default/ets/sourceMaps.map",{"isDirectory":false,"fileSnapShotHashValue":"f58015c2d64f316ac081890b04c67e82"}],["/Users/lianglihao/Documents/GitHub/harmony-template/dist/entry/build/default/generated/profile/default/BuildProfile.ets",{"fileSnapShotHashValue":"089ef9765780586d724a9b24c7680264"}]]},"_outputFiles":{"dataType":"Map","value":[["/Users/lianglihao/Documents/GitHub/harmony-template/dist/entry/build/default/outputs/default/default-default-unsigned.hap",{"isDirectory":false,"fileSnapShotHashValue":"cb66e1adebac900d252d96d4b00f8167"}],["/Users/lianglihao/Documents/GitHub/harmony-template/dist/entry/build/default/intermediates/source_map/default/sourceMaps.map",{"fileSnapShotHashValue":"37d88e09a3a97fd694558717aeabe09f"}],["/Users/lianglihao/Documents/GitHub/harmony-template/dist/entry/build/default/outputs/default/mapping/sourceMaps.map",{"fileSnapShotHashValue":"2cbf9ca79606489d44b7b729f3f1a8e9"}]]}},":dist:default:default@SignHap":{"_inputs":[{"dataType":"ValueEntry","value":"{\"_name\":\"enableSignTask\",\"_value\":true,\"_valueType\":\"boolean\"}"},{"dataType":"ValueEntry","value":"{\"_name\":\"sdkToolchainsComponentVersion\",\"_value\":\"5.0.4.150\",\"_valueType\":\"string\"}"},{"dataType":"ValueEntry","value":"{\"_name\":\"existSigningConfig\",\"_value\":false,\"_valueType\":\"boolean\"}"},{"dataType":"ValueEntry","value":"{\"_name\":\"BUILTIN_TASK_COMMAND\",\"_value\":\"\",\"_valueType\":\"string\"}"},{"dataType":"ValueEntry","value":"{\"_name\":\"BUILTIN_TASK_TOOLCHAIN\",\"_value\":\"\",\"_valueType\":\"string\"}"},{"dataType":"ValueEntry","value":"{\"_name\":\"BUILTIN_TASK_ENV\",\"_value\":\"\",\"_valueType\":\"string\"}"}],"_successful":true,"_projectName":"dist","_moduleName":"default","_taskName":"default@SignHap","_key":":dist:default:default@SignHap","_executionId":":dist:default:default@SignHap:1745985064981","_inputFiles":{"dataType":"Map","value":[["/Users/lianglihao/Documents/GitHub/harmony-template/dist/entry/build/default/outputs/default/default-default-unsigned.hap",{"isDirectory":false,"fileSnapShotHashValue":"cb66e1adebac900d252d96d4b00f8167"}]]},"_outputFiles":{"dataType":"Map","value":[["/Users/lianglihao/Documents/GitHub/harmony-template/dist/entry/build/default/outputs/default/default-default-signed.hap",{"isDirectory":false,"fileSnapShotHashValue":""}]]}},":dist:default:default@CollectDebugSymbol":{"_inputs":[{"dataType":"ValueEntry","value":"{\"_name\":\"BUILTIN_TASK_COMMAND\",\"_value\":\"\",\"_valueType\":\"string\"}"},{"dataType":"ValueEntry","value":"{\"_name\":\"BUILTIN_TASK_TOOLCHAIN\",\"_value\":\"\",\"_valueType\":\"string\"}"},{"dataType":"ValueEntry","value":"{\"_name\":\"BUILTIN_TASK_ENV\",\"_value\":\"\",\"_valueType\":\"string\"}"}],"_successful":false,"_projectName":"dist","_moduleName":"default","_taskName":"default@CollectDebugSymbol","_key":":dist:default:default@CollectDebugSymbol","_executionId":":dist:default:default@CollectDebugSymbol:1745985064984","_inputFiles":{"dataType":"Map","value":[["/Users/lianglihao/Documents/GitHub/harmony-template/dist/entry/build/default/intermediates/loader_out/default/ets/sourceMaps.map",{"fileSnapShotHashValue":"f58015c2d64f316ac081890b04c67e82"}],["/Users/lianglihao/Documents/GitHub/harmony-template/dist/entry/build/default/intermediates/libs/default",{"isDirectory":true,"fileSnapShotHashValue":""}]]},"_outputFiles":{"dataType":"Map","value":[["/Users/lianglihao/Documents/GitHub/harmony-template/dist/entry/build/default/outputs/default/symbol",{"isDirectory":true,"fileSnapShotHashValue":""}]]}}}