{
  "HVIGOR_OHOS_PLUGIN": {
    "MODULES": [
      {
        "MODULE_NAME": "c21f969b5f03d33d43e04f8f136e7682",
        "API_TYPE": "stageMode",
        "INCREMENTAL_TASKS": {
          "COMPILE_ARKTS": true
        }
      }
    ],
    "BUILD_MODE": "debug",
    "USE_NORMALIZED_OHMURL": true
  },
  "HVIGOR": {
    "IS_INCREMENTAL": true,
    "IS_DAEMON": true,
    "IS_PARALLEL": true,
    "IS_HVIGORFILE_TYPE_CHECK": false,
    "TASK_TIME": {
      "c21f969b5f03d33d43e04f8f136e7682": {
        "PreBuild": 72755833,
        "GenerateMetadata": 2083458,
        "ConfigureCmake": 179250,
        "MergeProfile": 2971292,
        "CreateBuildProfile": 1546000,
        "PreCheckSyscap": 253959,
        "ProcessIntegratedHsp": 1607291,
        "BuildNativeWithCmake": 199417,
        "MakePackInfo": 2841916,
        "SyscapTransform": 10276041,
        "ProcessProfile": 59617083,
        "ProcessRouterMap": 3333584,
        "BuildNativeWithNinja": 761167,
        "GenerateLoaderJson": 25427958,
        "CompileResource": 464456875,
        "BuildJS": 1303041,
        "ProcessLibs": 598742708,
        "CompileArkTS": 9182685000,
        "GeneratePkgModuleJson": 1833000,
        "PackageHap": 382361417,
        "SignHap": 777042,
        "CollectDebugSymbol": 2858542,
        "assembleHap": 124666
      }
    },
    "BUILD_ID": "202504301150531130",
    "TOTAL_TIME": 11873417458
  }
}